{"accuracy": 0.7893333333333333, "f1": 0.7892973754643493, "precision": 0.7896658008658008, "recall": 0.7893333333333333}